,index,Date_x,Close,w5000,Adj Close_TLT,금가격,경제성장률,물가상승률,반감기,수익률,누적수익률,log수익률,log누적수익률,구분,w_수익률,w_log수익률,w_log누적수익률,전체_수익률,전체_log수익률,전체_log누적수익률,w5000_수익률,w5000_log수익률,w5000_log누적수익률
0,0,2010-07,0.06388,11317.559988839286,67.6730215890067,1168.45,3.1,0.2,0차,,,,,상승,,,,,,,,,
1,1,2010-08,0.0645483870967741,11386.556773792614,70.22092264348811,1214.211290322581,3.1,0.1,0차,0.010463166824892,1.010463166824892,0.010408806751774,0.010408806751774,상승,0.0060964364245799,0.0060779283401884,0.0060779283401884,0.010463166824892012,0.010408806751774056,0.010408806751774056,0.00609643642457991,0.010408806751774056,0.010408806751774056
2,2,2010-09,0.0618833333333333,11779.07082403274,70.75518399193173,1268.562,3.1,0.2,0차,-0.0412876894885881,0.9687434773533704,-0.0421642381436068,-0.0317554313918328,상승,0.03447170712252,0.0338908685037191,0.0399687968439076,-0.041287689488588186,-0.042164238143606876,-0.03175543139183282,0.03447170712252001,-0.042164238143606876,-0.03175543139183282
3,3,2010-10,0.108774193548387,12344.409923735118,69.87438092912946,1341.1583870967745,2.1,0.3,0차,0.7577300331007875,1.7027895045145116,0.5640232226816201,0.5322677912897873,상승,0.0479952203486986,0.0468790251524756,0.0868478219963832,0.7577300331007875,0.5640232226816201,0.5322677912897873,0.04799522034869863,0.5640232226816201,0.5322677912897873
4,4,2010-11,0.2593266666666666,12685.422758556548,66.63942318870907,1373.7646666666667,2.1,0.3,0차,1.384082641360223,4.059590899603422,0.8688144136023797,1.401082204892167,상승,0.0276248793525359,0.0272501970859798,0.114098019082363,1.384082641360223,0.8688144136023797,1.401082204892167,0.02762487935253599,0.8688144136023797,1.401082204892167
5,5,2010-12,0.2438064516129032,13183.212269176136,64.33580728010698,1388.416451612903,2.1,0.4,0차,-0.0598481261231524,3.816631991435554,-0.0617138488146905,1.3393683560774765,과열,0.0392410659143243,0.0384907024471432,0.1525887215295063,-0.05984812612315249,-0.061713848814690574,1.3393683560774763,0.0392410659143243,-0.061713848814690574,1.3393683560774763
6,6,2011-01,0.3691741935483871,13604.521533203126,63.44687232971192,1364.5845161290324,-0.9,0.3,0차,0.5142101084943107,5.779182741834488,0.4148939224634327,1.754262278540909,과열,0.0319580126167018,0.0314579807827633,0.1840467023122696,0.5142101084943107,0.41489392246343276,1.754262278540909,0.031958012616701836,0.41489392246343276,1.754262278540909
7,7,2011-02,0.9263928571428572,14008.043636924342,62.34635403281764,1369.2728571428572,-0.9,0.3,0차,1.5093651542613484,14.502079792468022,0.9200297945632642,2.6742920731041733,과열,0.0296608816955732,0.0292295069575441,0.2132762092698137,1.5093651542613484,0.9200297945632642,2.6742920731041733,0.029660881695573238,0.9200297945632642,2.6742920731041733
8,8,2011-03,0.8559870967741935,13835.577445652174,63.890073029891305,1420.4290322580646,-0.9,0.5,0차,-0.0759998955365505,13.399923243177732,-0.079043094284778,2.595248978819395,과열,-0.0123119398927026,-0.0123883597233874,0.2008878495464263,-0.07599989553655051,-0.07904309428477801,2.595248978819395,-0.012311939892702628,-0.07904309428477801,2.595248978819395
9,9,2011-04,1.2478699999999998,14152.4630859375,64.25694561004639,1477.479,2.7,0.5,0차,0.457814030962179,19.534596117720724,0.3769380746707753,2.9721870534901704,과열,0.0229036801340667,0.0226453282200432,0.2235331777664695,0.457814030962179,0.37693807467077534,2.9721870534901704,0.02290368013406674,0.37693807467077534,2.9721870534901704
10,10,2011-05,6.225158064516129,14189.74367559524,66.77818952287946,1509.3348387096771,2.7,0.3,0차,3.988627072143837,97.4508150362575,1.6071607360636988,4.57934778955387,하락,0.0026342121107374,0.0026307486549999,0.2261639264214695,3.988627072143837,1.6071607360636988,4.57934778955387,0.002634212110737444,1.6071607360636988,4.57934778955387
11,11,2011-06,18.067876666666667,13654.12548828125,67.69939145174894,1529.9703333333334,2.7,0.0,0차,1.902396449923887,282.8408996034231,1.065536757786019,5.644884547339888,하락,-0.0377468543166986,-0.0384777177321193,0.1876862086893502,1.902396449923887,1.065536757786019,5.644884547339888,-0.037746854316698664,1.065536757786019,5.644884547339888
12,12,2011-07,14.023535483870967,14079.357861328124,67.54898834228516,1567.9280645161289,-0.1,0.3,0차,-0.2238415314322509,219.52935948451736,-0.2533985675755236,5.391485979764365,하락,0.0311431422987751,0.0306680337088066,0.2183542423981568,-0.22384153143225094,-0.2533985675755236,5.391485979764365,0.03114314229877513,-0.2533985675755236,5.391485979764365
13,13,2011-08,9.982903225806451,12490.01609205163,75.23856221074644,1754.5709677419354,-0.1,0.3,0차,-0.2881322090789309,156.2758801785606,-0.3398630717207205,5.051622908043645,하락,-0.112884535284237,-0.1197801307186245,0.0985741116795322,-0.2881322090789309,-0.33986307172072056,5.051622908043645,-0.11288453528423703,-0.33986307172072056,5.051622908043645
14,14,2011-09,5.930853333333333,12340.953357514882,81.79403541201637,1787.0556666666666,-0.1,0.2,0차,-0.4058989455089884,92.84366520559384,-0.5207058486834345,4.530917059360211,하락,-0.0119345510396586,-0.0120063395413134,0.0865677721382187,-0.4058989455089884,-0.5207058486834345,4.530917059360211,-0.01193455103965868,-0.5207058486834345,4.530917059360211
15,15,2011-10,3.6309,12660.232468377975,82.59255727132161,1664.0816129032255,4.6,0.1,0차,-0.3877946737287945,56.839386349405146,-0.4906875522943535,4.040229507065857,하락,0.0258715110262264,0.0255425059883732,0.112110278126592,-0.3877946737287945,-0.4906875522943535,4.040229507065857,0.025871511026226424,-0.4906875522943535,4.040229507065857
16,16,2011-11,2.681773333333333,12893.61509486607,84.56689889090401,1736.4013333333337,4.6,0.2,0차,-0.2614025907258991,41.98142350240033,-0.3030022841868028,3.737227222879054,하락,0.018434308143316,0.0182664559726051,0.1303767340991971,-0.2614025907258991,-0.3030022841868028,3.737227222879054,0.018434308143316036,-0.3030022841868028,3.737227222879054
17,17,2011-12,3.485409677419355,13050.970470610118,85.54097457159133,1646.563870967742,4.6,0.0,0차,0.2996660210231621,54.5618296402529,0.262107324555999,3.999334547435053,하락,0.0122041316253269,0.012130261616547,0.1425069957157441,0.2996660210231621,0.262107324555999,3.999334547435053,0.012204131625326964,0.262107324555999,3.999334547435053
18,18,2012-01,6.116329032258064,13672.580078125,85.15419158935546,1646.9616129032258,3.4,0.3,0차,0.7548379095529103,95.74716706728344,0.562376493423342,4.561711040858395,하락,0.0476293781305154,0.0465298765290388,0.189036872244783,0.7548379095529103,0.562376493423342,4.561711040858395,0.04762937813051549,0.562376493423342,4.561711040858395
19,19,2012-02,5.107586206896552,14295.3064453125,84.3090160369873,1746.4689655172413,3.4,0.2,0차,-0.1649261869401258,79.95595189255718,-0.180235159164131,4.381475881694263,횡보,0.0455456368607276,0.0445388896854177,0.2335757619302008,-0.16492618694012584,-0.18023515916413102,4.381475881694263,0.045545636860727656,-0.18023515916413102,4.381475881694263
20,20,2012-03,4.902306451612903,14625.50008877841,82.02867577292703,1680.734516129032,3.4,0.2,0차,-0.0401911484149731,76.74243036338297,-0.0410211272781304,4.3404547544161325,횡보,0.0230980458326712,0.0228353238556503,0.2564110857858512,-0.04019114841497318,-0.04102112727813049,4.3404547544161325,0.023098045832671277,-0.04102112727813049,4.3404547544161325
21,21,2012-04,4.9881166666666665,14562.666943359374,83.69678382873535,1650.303666666667,1.8,0.2,0차,0.0175040495531508,78.08573366729286,0.0173526182315097,4.357807372647642,횡보,-0.0042961365449134,-0.0043053914559389,0.2521056943299123,0.01750404955315088,0.01735261823150979,4.357807372647642,-0.004296136544913454,0.01735261823150979,4.357807372647642
22,22,2012-05,5.071764516129033,14074.673162286932,87.9217511957342,1587.9209677419356,1.8,-0.2,0차,0.0167694252264281,79.3951865392773,0.0166303708367866,4.374437743484428,횡보,-0.0335099184078345,-0.0340842425776492,0.218021451752263,0.016769425226428103,0.016630370836786645,4.374437743484428,-0.03350991840783457,0.016630370836786645,4.374437743484428
23,23,2012-06,6.03904,13840.32566034226,91.74891371954055,1590.961,1.8,-0.1,0차,0.1907177434588838,94.5372573575454,0.1745562710679051,4.548994014552333,횡보,-0.0166502979673166,-0.0167904723199943,0.2012309794322686,0.19071774345888381,0.1745562710679051,4.548994014552333,-0.016650297967316652,0.1745562710679051,4.548994014552333
24,24,2012-07,7.933509677419355,14233.56287202381,93.829956417992,1592.534193548387,0.6,0.0,0차,0.3137037803060345,124.19395237037187,0.2728504610914036,4.821844475643736,회복기대,0.0284124247746802,0.0280162779922742,0.2292472574245428,0.3137037803060345,0.2728504610914036,4.821844475643736,0.0284124247746802,0.2728504610914036,4.821844475643736
25,25,2012-08,10.937651612903226,14626.252122961956,91.2435070535411,1628.1745161290323,0.6,0.6,0차,0.3786649361548482,171.221847415517,0.3211155933303989,5.142960068974135,회복기대,0.02758896380821,0.0272152464218928,0.2564625038464357,0.3786649361548482,0.32111559333039896,5.142960068974135,0.027588963808210076,0.32111559333039896,5.142960068974135
26,26,2012-09,11.623356666666666,15091.471936677632,89.86046921579461,1739.804,0.6,0.5,0차,0.0626921644637601,181.95611563347944,0.0608054661348895,5.203765535109024,회복기대,0.0318071786131268,0.0313118071730091,0.2877743110194449,0.06269216446376014,0.06080546613488954,5.203765535109024,0.031807178613126874,0.06080546613488954,5.203765535109024
27,27,2012-10,11.730200000000002,15013.897553943452,89.69084312802269,1748.2496774193548,0.5,0.3,0차,0.0091921237898291,183.6286787726989,0.0091501333447085,5.212915668453733,회복기대,-0.0051402794279891,-0.0051535361125097,0.2826207749069352,0.009192123789829143,0.009150133344708551,5.212915668453733,-0.005140279427989114,0.009150133344708551,5.212915668453733
28,28,2012-11,11.487156666666666,14588.82668340774,91.41715531122117,1723.9643333333331,0.5,-0.2,0차,-0.0207194534904209,179.82399290336048,-0.0209371131421872,5.191978555311546,회복기대,-0.0283118270261585,-0.0287203356898314,0.2539004392171037,-0.020719453490420925,-0.020937113142187252,5.191978555311546,-0.02831182702615853,-0.020937113142187252,5.191978555311546
29,0,2012-12,13.360464516129031,14920.60908203125,90.33370437622072,1688.0277419354838,0.5,-0.0,1차,,,,,상승,,,,0.16307846265371428,0.15107033699917818,5.343048892310724,0.02274222635058476,0.15107033699917818,5.343048892310724
30,1,2013-01,15.607045161290324,15615.906575520834,87.44973500569661,1672.389677419355,4.0,0.2,1차,0.1681513874348585,1.1681513874348586,0.1554224885369017,0.1554224885369017,상승,0.046599806326065,0.0455466299053752,0.0455466299053752,0.16815138743485858,0.15542248853690177,5.498471380847626,0.046599806326065085,0.15542248853690177,5.498471380847626
31,2,2013-02,26.043089285714284,15973.063168174342,86.24075357537521,1634.775357142857,4.0,0.5,1차,0.6686752051123783,1.949265256030172,0.5120300212554958,0.6674525097923976,상승,0.0228713325688934,0.0226137044442368,0.068160334349612,0.6686752051123783,0.5120300212554958,6.010501402103122,0.0228713325688934,0.5120300212554958,6.010501402103122
32,3,2013-03,57.504051612903226,16392.278466796874,86.2459270477295,1595.5822580645165,4.0,-0.3,1차,1.2080349601399472,4.304045831900765,0.7921029616862172,1.4595554714786148,상승,0.0262451412236195,0.0259066472774291,0.0940669816270412,1.2080349601399472,0.7921029616862172,6.802604363789339,0.02624514122361954,0.7921029616862172,6.802604363789339
33,4,2013-04,130.3436,16561.24951171875,90.08950632268731,1492.8546666666666,1.1,-0.2,1차,1.2666855003092068,9.755918279835742,0.8183186324393763,2.2778741039179917,상승,0.0103079657452216,0.0102552009549828,0.104322182582024,1.2666855003092068,0.8183186324393763,7.620922996228715,0.010307965745221637,0.8183186324393763,7.620922996228715
34,5,2013-05,119.99274193548388,17303.950550426136,87.62397696755149,1419.3787096774192,1.1,0.0,1차,-0.0794120928416595,8.981180391641782,-0.0827427835115366,2.195131320406454,상승,0.0448457127695498,0.0438692312337045,0.1481914138157286,-0.07941209284165951,-0.08274278351153666,7.538180212717178,0.04484571276954985,-0.08274278351153666,7.538180212717178
35,6,2013-06,107.76140666666667,17075.41591796875,83.34836387634277,1344.1733333333332,1.1,0.2,1차,-0.1019339592672495,8.065693115428349,-0.107511671365366,2.0876196490410885,상승,-0.0132070784524843,-0.0132950674905672,0.1348963463251614,-0.10193395926724957,-0.10751167136536609,7.430668541351812,-0.013207078452484367,-0.10751167136536609,7.430668541351812
36,7,2013-07,90.51220645161293,17683.316495028408,80.63188275423917,1286.3074193548389,3.5,0.2,1차,-0.1600684396076036,6.774630204087942,-0.1744348661874424,1.913184782853646,상승,0.0356009235722307,0.0349818607181684,0.1698782070433298,-0.16006843960760364,-0.17443486618744247,7.25623367516437,0.03560092357223077,-0.17443486618744247,7.25623367516437
37,8,2013-08,113.90548387096774,17742.218661221592,78.52742004394531,1345.5332258064516,3.5,0.2,1차,0.2584543934619545,8.525563144414528,0.2298842961300402,2.1430690789836864,과열,0.0033309456520638,0.0033254103410694,0.1732036173843992,0.25845439346195453,0.22988429613004027,7.48611797129441,0.0033309456520638214,0.22988429613004027,7.48611797129441
38,9,2013-09,130.06166666666667,17968.48759765625,78.2478874206543,1344.8923333333332,3.5,0.0,1차,0.1418384984343745,9.73481621912573,0.1326396812982032,2.2757087602818897,과열,0.0127531365019868,0.0126725001109121,0.1858761174953114,0.14183849843437457,0.1326396812982032,7.618757652592613,0.01275313650198684,0.1326396812982032,7.618757652592613
39,10,2013-10,158.31193548387097,18371.849184782608,80.0369992463485,1314.7851612903228,3.5,0.1,1차,0.2172067261724897,11.849283779972884,0.1965586649640322,2.472267425245922,과열,0.0224482770146425,0.0222000228286088,0.2080761403239202,0.2172067261724897,0.1965586649640322,7.815316317556645,0.02244827701464258,0.1965586649640322,7.815316317556645
40,11,2013-11,550.4206666666666,18947.128515625,78.65882225036621,1280.3966666666668,3.5,0.2,1차,2.4768109238532063,41.19771928604633,1.2461154724424983,3.718382897688421,과열,0.0313130880324719,0.0308328330694739,0.2389089733933941,2.4768109238532063,1.2461154724424985,9.061431789999144,0.0313130880324719,1.2461154724424985,9.061431789999144
41,12,2013-12,800.7809677419355,19236.454055059523,77.80785188220796,1221.7674193548387,3.5,0.3,1차,0.4548526540463029,59.93661124395906,0.3749046267987361,4.093287524487157,과열,0.0152701523714227,0.0151547370513141,0.2540637104447083,0.45485265404630293,0.37490462679873615,9.43633641679788,0.015270152371422707,0.37490462679873615,9.43633641679788
42,13,2014-01,844.1683870967743,19477.92810639881,79.63796670096261,1241.6741935483872,-1.4,0.2,1차,0.0541813818042951,63.18405966182362,0.0527645243119399,4.146052048799097,과열,0.0125529398842492,0.0124748049371072,0.2665385153818155,0.0541813818042951,0.05276452431193992,9.48910094110982,0.012552939884249215,0.05276452431193992,9.48910094110982
43,14,2014-02,661.6182142857143,19457.94623766448,81.39417829011616,1295.3696428571427,-1.4,0.1,1차,-0.2162485300342486,49.520599638358,-0.2436633114823777,3.90238873731672,과열,-0.0010258723938797,-0.001026398961122,0.2655121164206935,-0.2162485300342486,-0.2436633114823777,9.245437629627443,-0.0010258723938797454,-0.2436633114823777,9.245437629627443
44,15,2014-03,592.2003870967742,19968.42438616072,82.21216365269252,1337.1751612903226,-1.4,0.2,1차,-0.1049212758809609,44.32483514191123,-0.1108436046659867,3.791545132650733,과열,0.0262349449557073,0.0258967117189981,0.2914088281396917,-0.1049212758809609,-0.11084360466598679,9.134594024961455,0.02623494495570733,-0.11084360466598679,9.134594024961455
45,16,2014-04,461.3618,19834.08816964286,83.93706403459821,1299.108,5.3,0.2,1차,-0.2209363417308831,34.53186821783287,-0.249662518518003,3.5418826141327298,하락,-0.0067274319655868,-0.0067501631416665,0.2846586649980252,-0.22093634173088317,-0.24966251851800308,8.884931506443452,-0.006727431965586894,-0.24966251851800308,8.884931506443452
46,17,2014-05,486.652,20006.894996279763,86.24503399076916,1287.2651612903226,5.3,0.2,1차,0.0548164152298693,36.42478144472473,0.0533667377857132,3.5952493519184427,하락,0.0087126176489118,0.008674881822577,0.2933335468206023,0.05481641522986935,0.0533667377857132,8.938298244229166,0.008712617648911847,0.0533667377857132,8.938298244229166
47,18,2014-06,615.9167333333334,20656.781901041668,86.00518508184524,1278.442,5.3,0.1,1차,0.2656204707539131,46.09994903918091,0.2355624926427887,3.830811844561232,하락,0.0324831466793198,0.031966722891086,0.3253002697116883,0.26562047075391315,0.2355624926427887,9.173860736871955,0.03248314667931984,0.2355624926427887,9.173860736871955
48,19,2014-07,618.1000967741935,20886.059303977272,87.49088217995383,1313.0929032258064,5.0,0.1,1차,0.0035449003456098,46.2633687644625,0.0035386319957954,3.834350476557027,하락,0.0110993766615719,0.0110382306196963,0.3363385003313847,0.003544900345609836,0.0035386319957954383,9.17739936886775,0.011099376661571903,0.0035386319957954383,9.17739936886775
49,20,2014-08,536.0572258064517,20768.85677083333,89.75992584228516,1296.5570967741935,5.0,-0.0,1차,-0.1327339558688243,40.12264881653719,-0.1424094932962799,3.691940983260747,하락,-0.0056115196954182,-0.005627323421742,0.3307111769096427,-0.1327339558688243,-0.14240949329627997,9.03498987557147,-0.005611519695418288,-0.14240949329627997,9.03498987557147
50,21,2014-09,445.20593333333335,21068.20479910714,89.01811218261719,1240.919,5.0,0.0,1차,-0.1694805854663006,33.32263880465169,-0.1857039732800495,3.506237009980697,하락,0.0144133127584664,0.0143104283907991,0.3450216053004419,-0.16948058546630063,-0.1857039732800495,8.849285902291422,0.014413312758466468,-0.1857039732800495,8.849285902291422
51,22,2014-10,364.2467741935484,20392.271824048912,92.8694315371306,1224.7232258064516,2.0,-0.0,1차,-0.1818465412929918,27.263032191270145,-0.2007053576432009,3.305531652337496,하락,-0.0320830835613898,-0.0326090255145788,0.3124125797858631,-0.18184654129299183,-0.20070535764320097,8.64858054464822,-0.03208308356138989,-0.20070535764320097,8.64858054464822
52,23,2014-11,365.95206666666667,21510.37582236842,92.92872258236534,1173.7206666666668,2.0,-0.2,1차,0.0046816954711372,27.390669405609486,0.0046707704201328,3.310202422757629,하락,0.0548297908132486,0.053379418189983,0.3657919979758461,0.004681695471137282,0.004670770420132802,8.653251315068353,0.05482979081324868,0.004670770420132802,8.653251315068353
53,24,2014-12,341.30874193548385,21557.41947798296,96.73154380104758,1199.6067741935483,2.0,-0.3,1차,-0.06734030758632,25.546173302840536,-0.0697148902079468,3.2404875325496825,하락,0.002187021556621,0.0021846335061546,0.3679766314820007,-0.06734030758632004,-0.06971489020794683,8.583536424860405,0.0021870215566210938,-0.06971489020794683,8.583536424860405
54,25,2015-01,248.85693548387096,21348.54052734375,103.82890396118164,1245.9390322580646,3.6,-0.6,1차,-0.270874416891111,18.62636850563434,-0.3159092941707652,2.9245782383789174,하락,-0.0096894227461937,-0.0097366706537899,0.3582399608282108,-0.270874416891111,-0.31590929417076524,8.26762713068964,-0.009689422746193777,-0.31590929417076524,8.26762713068964
55,26,2015-02,234.09357142857144,21969.76490542763,101.70448142603824,1235.0160714285714,3.6,0.3,1차,-0.059324704077843,17.521364705992728,-0.0611572617265979,2.8634209766523195,하락,0.0290991497656807,0.0286838076674393,0.3869237684956502,-0.05932470407784307,-0.06115726172659795,8.206469868963042,0.029099149765680732,-0.06115726172659795,8.206469868963042
56,27,2015-03,269.0732258064516,22012.638139204544,100.76436198841442,1181.928064516129,3.6,0.3,1차,0.1494259503343664,20.13951127834072,0.1392626441242401,3.00268362077656,횡보,0.0019514652961225,0.0019495636613025,0.3888733321569527,0.14942595033436645,0.1392626441242401,8.345732513087283,0.0019514652961225565,0.1392626441242401,8.345732513087283
57,28,2015-04,235.46816666666663,22202.19605654762,101.68773324148997,1200.0893333333331,2.5,0.1,1차,-0.1248918729801737,17.62424999388341,-0.1334078265221836,2.869275794254376,횡보,0.0086113221025276,0.0085744561601702,0.397447788317123,-0.12489187298017379,-0.13340782652218366,8.212324686565099,0.008611322102527685,-0.13340782652218366,8.212324686565099
58,29,2015-05,237.00916129032257,22296.9734375,95.26250991821288,1200.146451612903,2.5,0.3,1차,0.006544386213519,17.739589892566993,0.0065230646916896,2.875798858946066,횡보,0.0042688291154167,0.0042597435118239,0.4017075318289469,0.006544386213519049,0.006523064691689687,8.218847751256789,0.004268829115416706,0.006523064691689687,8.218847751256789
59,30,2015-06,238.06733333333327,22218.14959161932,92.79675501043148,1182.9693333333337,2.5,0.3,1차,0.0044646883574028,17.818791633025437,0.0044547512028921,2.880253610148958,횡보,-0.0035351814048498,-0.0035414449247756,0.3981660869041713,0.0044646883574028795,0.004454751202892138,8.223302502459681,-0.003535181404849874,0.004454751202892138,8.223302502459681
60,31,2015-07,279.61145161290324,22092.44229403409,93.97620807994495,1134.252258064516,1.6,0.2,1차,0.1745057488479588,20.928273210512284,0.1608474198242714,3.041101029973229,횡보,-0.0056578652991268,-0.0056739316484845,0.3924921552556868,0.17450574884795889,0.16084741982427142,8.384149922283953,-0.005657865299126819,0.16084741982427142,8.384149922283953
61,32,2015-08,250.8501935483871,21478.19782366072,97.96259162539528,1117.1664516129033,1.6,-0.0,1차,-0.1028615169321945,18.77555928130758,-0.1085450441484549,2.9325559858247745,횡보,-0.0278033755706239,-0.0281972064716707,0.364294948784016,-0.10286151693219459,-0.10854504414845498,8.275604878135498,-0.027803375570623956,-0.10854504414845498,8.275604878135498
62,33,2015-09,233.61026666666663,20495.80050223214,96.4662555512928,1126.5269999999998,1.6,-0.2,1차,-0.0687259859673777,17.485190457610766,-0.0712017227401755,2.861354263084599,횡보,-0.0457392808043864,-0.0468183543094738,0.3174765944745422,-0.06872598596737778,-0.07120172274017551,8.204403155395322,-0.045739280804386495,-0.07120172274017551,8.204403155395322
63,34,2015-10,264.8423870967742,21174.4423828125,98.16721413352272,1155.624193548387,0.7,0.1,1차,0.1336932698881423,19.82284274450569,0.1254806836104076,2.9868349466950064,횡보,0.033111264939686,0.0325748948305465,0.3500514893050887,0.13369326988814234,0.12548068361040762,8.32988383900573,0.03311126493968608,0.12548068361040762,8.32988383900573
64,35,2015-11,348.8015,21640.7916015625,95.78882369995117,1090.52,0.7,0.1,1차,0.317015391016495,26.10698898821365,0.2753681091138871,3.262203055808893,회복기대,0.0220241558346085,0.0217851273481871,0.3718366166532759,0.317015391016495,0.27536810911388715,8.605251948119617,0.022024155834608594,0.27536810911388715,8.605251948119617
65,36,2015-12,424.4036451612904,21269.10955255682,97.30486713756214,1068.1212903225808,0.7,-0.1,1차,0.2167483372671574,31.765635442460955,0.1961820031943577,3.458385059003251,회복기대,-0.0171750671532202,-0.017324269459938,0.3545123471933378,0.21674833726715748,0.19618200319435772,8.801433951313975,-0.017175067153220258,0.19618200319435772,8.801433951313975
66,37,2016-01,411.1132580645161,19751.224095394737,99.68642264918276,1093.1567741935485,2.3,-0.0,1차,-0.0313154404970377,30.770880575911978,-0.0318162520770974,3.426568806926153,회복기대,-0.0713657265910134,-0.0740402953880142,0.2804720518053236,-0.031315440497037716,-0.031816252077097464,8.769617699236877,-0.07136572659101348,-0.031816252077097464,8.769617699236877
67,38,2016-02,404.3420689655172,19493.8814453125,104.65260543823244,1196.153103448276,2.3,-0.1,1차,-0.0164703739569894,30.264072665840843,-0.0166075185329869,3.4099612883931667,회복기대,-0.0130292000556176,-0.0131148246424376,0.267357227162886,-0.01647037395698947,-0.01660751853298694,8.753010180703889,-0.013029200055617696,-0.01660751853298694,8.753010180703889
68,39,2016-03,416.57312903225807,20802.841885653408,103.61135690862484,1245.7332258064516,2.3,0.3,1차,0.0302492889202283,31.17953934381265,0.0298008010353657,3.439762089428533,회복기대,0.0671472453555759,0.0649889621946167,0.3323461893575027,0.03024928892022838,0.02980080103536574,8.782810981739255,0.06714724535557592,0.02980080103536574,8.782810981739255
69,40,2016-04,434.3136333333333,21410.25048828125,104.94127873011998,1242.2883333333334,1.3,0.4,1차,0.0425867706404592,32.507375234522776,0.0417049044553847,3.4814669938839176,회복기대,0.02919834732036,0.028780195633607,0.3611263849911098,0.04258677064045924,0.04170490445538477,8.82451588619464,0.029198347320360085,0.04170490445538477,8.82451588619464
70,41,2016-05,462.0130967741936,21324.330078125,105.1572022210984,1260.0948387096776,1.3,0.2,1차,0.0637775591529754,34.580616281450524,0.061826308116715,3.5432933020006327,회복기대,-0.0040130502071088,-0.004021124100958,0.3571052608901518,0.06377755915297545,0.06182630811671508,8.886342194311354,-0.004013050207108848,0.06182630811671508,8.886342194311354
71,42,2016-06,642.5282333333333,21568.13902698864,108.9804767261852,1272.161,1.3,0.3,1차,0.3907143278394238,48.091758528130505,0.3298175200591386,3.8731108220597714,회복기대,0.0114333696754087,0.0113685026684211,0.368473763558573,0.39071432783942384,0.3298175200591386,9.216159714370493,0.011433369675408755,0.3298175200591386,9.216159714370493
72,0,2016-08,579.4726451612903,22595.13011532738,112.96695642885956,1341.8890322580644,2.9,0.2,2차,,,,,상승,,,,-0.09813668085045968,-0.10329230127781767,9.112867413092674,0.04761611964081136,-0.10329230127781767,9.112867413092674
73,1,2016-09,605.8520666666667,22450.85184151786,111.20040239606584,1327.802,2.9,0.3,2차,0.0455231523448944,1.0455231523448945,0.0445173843997474,0.0445173843997474,상승,-0.0063853703463142,-0.0064058440247583,-0.0064058440247583,0.04552315234489446,0.044517384399747485,9.157384797492421,-0.006385370346314256,0.044517384399747485,9.157384797492421
74,2,2016-10,643.5078387096773,22283.988932291668,108.3159423101516,1270.666129032258,2.2,0.2,2차,0.0621534102378962,1.1105059817458052,0.0602983664719085,0.104815750871656,상승,-0.0074323642774932,-0.0074601219189965,-0.0138659659437548,0.06215341023789622,0.06029836647190851,9.21768316396433,-0.007432364277493275,0.06029836647190851,9.21768316396433
75,3,2016-11,726.3099666666666,22551.89462425596,101.44004749116444,1240.0086666666668,2.2,0.1,2차,0.1286730681059287,1.2533981935670244,0.1210426667094983,0.2258584175811543,상승,0.0120223400208241,0.0119506457410133,-0.0019153202027414,0.1286730681059287,0.12104266670949837,9.338725830673827,0.01202234002082414,0.12104266670949837,9.338725830673827
76,4,2016-12,827.9400322580645,23503.10584077381,96.8460188366118,1152.0835483870967,2.2,0.3,2차,0.1399265744043412,1.4287819091574474,0.1309638519148483,0.3568222694960027,상승,0.0421787717779933,0.0413134946211629,0.0393981744184214,0.1399265744043412,0.13096385191484836,9.469689682588674,0.04217877177799334,0.13096385191484836,9.469689682588674
77,5,2017-01,914.6347419354838,23804.27255859375,98.91582717895508,1190.9009677419356,2.0,0.4,2차,0.10471133934782,1.578391576501259,0.0995840694834222,0.4564063389794249,상승,0.0128139114830292,0.0127325079799393,0.0521306823983607,0.10471133934782006,0.09958406948342224,9.569273752072096,0.012813911483029239,0.09958406948342224,9.569273752072096
78,6,2017-02,1062.7689642857142,24352.81671463816,98.83622259842724,1233.0914285714284,2.0,0.2,2차,0.1619599776373674,1.834027840934412,0.1501082151836897,0.6065145541631147,상승,0.02304393695267,0.0227824351700468,0.0749131175684076,0.16195997763736747,0.15010821518368977,9.719381967255785,0.02304393695267004,0.15010821518368977,9.719381967255785
79,7,2017-03,1129.3100967741934,24614.67128057065,98.08667954154636,1229.3451612903225,2.0,-0.0,2차,0.0626110986720442,1.948858339050433,0.0607291798060994,0.6672437339692141,상승,0.0107525371295178,0.010695139681047,0.0856082572494546,0.06261109867204429,0.060729179806099404,9.780111147061884,0.010752537129517847,0.060729179806099404,9.780111147061884
80,8,2017-04,1206.5526666666667,24601.07072368421,100.9650838751542,1268.854,2.3,0.1,2차,0.068398015844463,2.0821563826034186,0.0661603451239613,0.7334040790931755,상승,-0.0005525386356539,-0.000552691341379,0.0850555659080755,0.06839801584446303,0.06616034512396135,9.846271492185846,-0.0005525386356539652,0.06616034512396135,9.846271492185846
81,9,2017-05,1893.4964516129032,24917.52627840909,100.9761224226518,1246.528064516129,2.3,-0.1,2차,0.5693442183871265,3.2676200808165285,0.4506578368064138,1.184061915899589,과열,0.0128634870522206,0.0127814551313832,0.0978370210394588,0.5693442183871265,0.4506578368064138,10.29692932899226,0.012863487052220623,0.4506578368064138,10.29692932899226
82,10,2017-06,2635.8406666666665,25301.760830965908,104.2897605895996,1261.4256666666663,2.3,0.1,2차,0.3920494355410202,4.548688689063152,0.3307770753197086,1.514838991219298,과열,0.0154202527274851,0.015302568898019,0.1131395899374778,0.39204943554102023,0.3307770753197086,10.627706404311969,0.01542025272748515,0.3307770753197086,10.627706404311969
83,11,2017-07,2519.2229032258065,25526.1349609375,102.8798080444336,1236.4967741935484,3.2,0.0,2차,-0.0442431004709921,4.347440598381665,-0.0452516874633137,1.469587303755984,과열,0.0088679254961965,0.0088288363679052,0.121968426305383,-0.044243100470992114,-0.04525168746331379,10.582454716848655,0.008867925496196527,-0.04525168746331379,10.582454716848655
84,12,2017-08,3880.365161290322,25461.967985733696,104.9904317441194,1283.626451612903,3.2,0.4,2차,0.5403024306906723,6.696373320970589,0.4319787807101812,1.9015660844661653,과열,-0.0025137755990868,-0.002516940437877,0.119451485867506,0.5403024306906723,0.43197878071018125,11.014433497558837,-0.0025137755990868316,0.43197878071018125,11.014433497558837
85,13,2017-09,4062.903656781,25893.12734375,105.58261756896972,1317.352,3.2,0.5,2차,0.047041576733974,7.011381280388363,0.0459686414475999,1.9475347259137652,과열,0.0169334655615731,0.0167916926662867,0.1362431785337928,0.04704157673397402,0.04596864144759999,11.060402139006436,0.016933465561573158,0.04596864144759999,11.060402139006436
86,14,2017-10,5347.562793563194,26600.15971235796,103.82237555763938,1283.547741935484,4.6,0.1,2차,0.3161923701139439,9.2283265452069,0.2747430001183112,2.2222777260320767,과열,0.0273057927388065,0.026939640023761,0.1631828185575538,0.31619237011394397,0.27474300011831126,11.335145139124748,0.02730579273880651,0.27474300011831126,11.335145139124748
87,15,2017-11,7824.394918951933,26926.05059523809,105.3657691592262,1282.7573333333337,4.6,0.3,2차,0.4631702741985706,13.502613081544329,0.3806055022775544,2.602883228309631,과열,0.0122514633898505,0.0121770216093556,0.1753598401669095,0.4631702741985706,0.3806055022775544,11.715750641402302,0.012251463389850503,0.3806055022775544,11.715750641402302
88,16,2017-12,15191.02957712358,27653.24931640625,106.12560729980468,1267.0403225806451,4.6,0.2,2차,0.9414957622254576,26.21526607678834,0.6634586874550151,3.266341915764646,과열,0.0270072552451032,0.0266489954249762,0.2020088355918857,0.9414957622254576,0.6634586874550151,12.379209328857318,0.02700725524510328,0.6634586874550151,12.379209328857318
89,17,2018-01,13027.788728117255,28934.711867559523,104.336424328032,1330.9935483870968,3.3,0.4,2차,-0.142402517092323,22.482146201208693,-0.1536204237122609,3.112721492052385,과열,0.0463403969815945,0.0452987400274046,0.2473075756192903,-0.142402517092323,-0.15362042371226098,12.225588905145056,0.046340396981594534,-0.15362042371226098,12.225588905145056
90,18,2018-02,9464.683881208355,28031.467824835527,99.87300792493318,1330.9353571428571,3.3,0.3,2차,-0.2735003553764132,16.333271225553634,-0.3195172851342223,2.793204206918163,하락,-0.0312166247536295,-0.0317142470408111,0.2155933285784792,-0.27350035537641326,-0.3195172851342223,11.906071620010835,-0.03121662475362952,-0.3195172851342223,11.906071620010835
91,19,2018-03,9029.818633431709,28032.50967261905,100.78775787353516,1325.385161290323,3.3,0.0,2차,-0.0459460932065622,15.582821223456286,-0.0470351030574726,2.7461691038606904,하락,3.71670791565748e-05,3.716638847780191e-05,0.215630494966957,-0.04594609320656229,-0.04703510305747266,11.859036516953362,3.71670791565748e-05,-0.04703510305747266,11.859036516953362
92,20,2018-04,8017.9198094891,27562.23800223214,101.46022433326358,1332.974333333333,2.1,0.3,2차,-0.1120619211770419,13.836580339797392,-0.1188532694765174,2.6273158343841727,하락,-0.0167759389322978,-0.0169182488290779,0.198712246137879,-0.11206192117704195,-0.11885326947651746,11.740183247476844,-0.016775938932297896,-0.11885326947651746,11.740183247476844
93,21,2018-05,8448.526916074581,28120.317116477272,100.5365701155229,1304.1325806451614,2.1,0.2,2차,0.0537055890825777,14.579682037834624,0.0523130838539179,2.6796289182380906,하락,0.0202479607860557,0.0200456965623105,0.2187579427001896,0.05370558908257772,0.05231308385391793,11.792496331330762,0.02024796078605573,0.05231308385391793,11.792496331330762
94,22,2018-06,6768.222014605167,28779.29864211309,102.18187749953498,1283.568,2.1,0.1,2차,-0.1988873229808127,11.679968107418256,-0.2217536713709966,2.457875246867094,하락,0.0234343561243015,0.0231639873982711,0.2419219300984607,-0.1988873229808127,-0.2217536713709966,11.570742659959766,0.02343435612430156,-0.2217536713709966,11.570742659959766
95,23,2018-07,7117.440238154774,29163.137183779763,103.15841347830636,1237.881612903226,2.5,0.1,2차,0.0515967447279401,12.282616440287198,0.0503097183267098,2.5081849651938035,하락,0.0133373139644548,0.0132491549967012,0.2551710850951619,0.05159674472794018,0.050309718326709815,11.621052378286477,0.013337313964454811,0.050309718326709815,11.621052378286477
96,24,2018-08,6691.72268700271,29796.423573369564,102.83160201362942,1200.196451612903,2.5,0.2,2차,-0.0598132947952132,11.547952682287766,-0.0616768008826524,2.446508164311151,하락,0.0217153040017255,0.0214828854613871,0.2766539705565491,-0.059813294795213245,-0.06167680088265246,11.559375577403824,0.0217153040017255,-0.06167680088265246,11.559375577403824
97,25,2018-09,6601.9073739938,30194.755242598683,101.11152849699322,1200.446,2.5,0.2,2차,-0.0134218522210068,11.39295776793092,-0.0135127394456383,2.432995424865513,하락,0.0133684389419517,0.0132798698426572,0.2899338403992064,-0.013421852221006891,-0.013512739445638322,11.545862837958186,0.013368438941951721,-0.013512739445638322,11.545862837958186
98,26,2018-10,6466.427022388097,28773.69157608696,97.9698254129161,1215.6122580645165,0.6,0.2,2차,-0.0205213953984552,11.159158376817308,-0.0207348850198289,2.412260539845684,하락,-0.047063261652371,-0.048206759118248,0.2417270812809583,-0.02052139539845521,-0.02073488501982892,11.525127952938357,-0.04706326165237107,-0.02073488501982892,11.525127952938357
99,27,2018-11,5418.4506555118,28096.81984747024,97.961183093843,1221.941,0.6,-0.1,2차,-0.1620642069025116,9.350658224778892,-0.1768138006508637,2.23544673919482,하락,-0.0235239794249845,-0.0238050854697196,0.2179219958112387,-0.16206420690251166,-0.17681380065086374,11.348314152287493,-0.02352397942498452,-0.17681380065086374,11.348314152287493
100,28,2018-12,3706.721992971097,26401.875102796053,102.92904863859478,1250.3470967741937,0.6,0.1,2차,-0.3159074007252395,6.39671608991891,-0.3796619914658367,1.855784747728983,횡보,-0.0603251454746681,-0.0622213629962342,0.1557006328150044,-0.3159074007252395,-0.3796619914658367,10.968652160821657,-0.06032514547466816,-0.3796619914658367,10.968652160821657
101,29,2019-01,3700.9789788971616,26948.69140625,104.43722497849237,1291.1209677419354,2.5,-0.1,2차,-0.0015493511746565,6.3868053303310495,-0.0015505526603636,1.8542341950686196,횡보,0.0207112677158312,0.0204997055706862,0.1762003383856907,-0.001549351174656599,-0.0015505526603636951,10.967101608161293,0.020711267715831205,-0.0015505526603636951,10.967101608161293
102,30,2019-02,3684.304178729643,28571.66097861842,105.00340672543174,1319.4489285714285,2.5,0.3,2차,-0.0045055106399138,6.3580295109601845,-0.0045156910430956,1.849718504025524,횡보,0.0602244297469678,0.0584806118895369,0.2346809502752276,-0.00450551063991389,-0.004515691043095671,10.962585917118197,0.060224429746967845,-0.004515691043095671,10.962585917118197
103,31,2019-03,3967.507532325548,29009.98056175596,106.16717347644624,1303.1551612903224,2.5,0.4,2차,0.0768675277223049,6.84675552065315,0.0740563894226388,1.9237748934481629,횡보,0.0153410606217663,0.0152245763685785,0.2499055266438061,0.07686752772230498,0.07405638942263888,11.036642306540836,0.015341060621766323,0.07405638942263888,11.036642306540836
104,32,2019-04,5192.798320119433,29992.39676339286,107.21209280831474,1286.0173333333332,3.4,0.4,2차,0.3088313702773697,8.961248410050608,0.2691346553118092,2.192909548759972,횡보,0.0338647659396236,0.0333039802404,0.2832095068842062,0.30883137027736973,0.26913465531180925,11.305776961852645,0.03386476593962362,0.26913465531180925,11.305776961852645
105,33,2019-05,7328.43242747371,29483.96324573864,109.8547196821733,1282.2845161290322,3.4,0.0,2차,0.4112684482814956,12.64672713831714,0.3444889086949613,2.537398457454933,횡보,-0.0169520802777184,-0.0170974115772761,0.26611209530693,0.41126844828149567,0.3444889086949613,11.650265870547607,-0.01695208027771844,0.3444889086949613,11.650265870547607
106,34,2019-06,9459.276524123066,29724.31796875,114.91380729675294,1358.4063333333334,3.4,-0.0,2차,0.290763968657334,16.323939711580643,0.2552342668436677,2.792632724298601,횡보,0.0081520493363829,0.0081190008691944,0.2742310961761245,0.290763968657334,0.25523426684366773,11.905500137391273,0.008152049336382916,0.25523426684366773,11.905500137391273
107,35,2019-07,10665.762998956485,30810.925159801136,115.25815027410334,1416.0667741935483,4.8,0.2,2차,0.127545322494446,18.40598186647409,0.1200429889211254,2.912675713219726,횡보,0.0365561689991849,0.0359038424521265,0.3101349386282511,0.12754532249444606,0.1200429889211254,12.0255431263124,0.0365561689991849,0.1200429889211254,12.0255431263124
108,36,2019-08,10638.354335645548,29694.328657670456,125.60623827847569,1495.707741935484,4.8,0.1,2차,-0.002569779894192,18.358682544340763,-0.0025730874462132,2.9101026257735128,횡보,-0.0362402782889329,-0.0369132667769359,0.2732216718513151,-0.002569779894192048,-0.002573087446213261,12.022970038866186,-0.03624027828893295,-0.002573087446213261,12.022970038866186
109,37,2019-09,9790.626063024034,30483.26005859375,124.58718986511232,1507.8273333333334,4.8,0.2,2차,-0.0796860346887546,16.89575193027259,-0.0830404005146088,2.827062225258904,회복기대,0.0265684201861726,0.0262216091144929,0.2994432809658081,-0.07968603468875468,-0.08304040051460888,11.939929638351577,0.02656842018617267,-0.08304040051460888,11.939929638351577
110,38,2019-10,8378.027354935775,30350.115743885868,124.03438601286516,1495.3245161290322,2.8,0.3,2차,-0.1442807333254385,14.458020451688164,-0.155812916123205,2.671249309135699,회복기대,-0.0043677846284143,-0.0043773512665341,0.295065929699274,-0.14428073332543856,-0.15581291612320508,11.784116722228372,-0.004367784628414362,-0.15581291612320508,11.784116722228372
111,39,2019-11,8341.094340081932,31631.3478515625,121.85376586914064,1473.9356666666667,2.8,0.3,2차,-0.0044083187233907,14.394284889427825,-0.0044180640111433,2.6668312451245555,회복기대,0.0422150649601638,0.0413483183493225,0.3364142480485965,-0.004408318723390758,-0.0044180640111433096,11.779698658217228,0.042215064960163806,-0.0044180640111433096,11.779698658217228
112,40,2019-12,7250.414743898226,32355.928385416668,121.69452231270928,1481.1067741935483,2.8,0.3,2차,-0.1307597722450639,12.512091475655676,-0.1401357503144653,2.5266954948100904,회복기대,0.0229070394740822,0.0226486123361965,0.3590628603847931,-0.13075977224506397,-0.1401357503144653,11.639562907902762,0.022907039474082236,-0.1401357503144653,11.639562907902762
113,41,2020-01,8374.879654620032,33385.41313244047,123.82164473760696,1555.7009677419355,-5.5,0.1,2차,0.1550897363034478,14.45258844321973,0.1441780347249711,2.6708735295350614,회복기대,0.0318174998646556,0.0313218102047004,0.3903846705894935,0.1550897363034478,0.14417803472497118,11.783740942627734,0.03181749986465565,0.14417803472497118,11.783740942627734
114,42,2020-02,9640.243270252242,33390.78967927631,129.64994410464638,1596.3072413793102,-5.5,0.1,2차,0.1510903640190419,16.6362352921232,0.1407096357971104,2.811583165332172,회복기대,0.0001610447896664,0.0001610318233464,0.39054570241284,0.15109036401904197,0.14070963579711043,11.924450578424844,0.00016104478966649793,0.14070963579711043,11.924450578424844
115,43,2020-03,6864.333847284645,26681.365323153408,141.59401217373934,1594.6116129032257,-5.5,-0.4,2차,-0.2879501424547519,11.845828969845552,-0.3396073453795697,2.471975819952602,회복기대,-0.2009363785812783,-0.2243147100795834,0.1662309923332565,-0.2879501424547519,-0.3396073453795697,11.584843233045275,-0.20093637858127833,-0.3396073453795697,11.584843233045275
116,44,2020-04,7209.806932978333,27672.289992559523,149.03778076171875,1681.824,-28.1,-0.8,2차,0.0503287126441771,12.442014292100978,0.0491031748376022,2.521078994790204,회복기대,0.037139203987669,0.036466157449249,0.2026971497825055,0.050328712644177154,0.04910317483760227,11.633946407882878,0.03713920398766901,0.04910317483760227,11.633946407882878
117,45,2020-05,9254.77023852342,29550.7822265625,146.39549713134767,1721.354193548387,-28.1,-0.1,2차,0.2836363476241277,15.971021782999696,0.2496969467926039,2.770775941582808,회복기대,0.0678835121527008,0.0656786635712566,0.2683758133537622,0.2836363476241277,0.24969694679260393,11.883643354675481,0.06788351215270083,0.24969694679260393,11.883643354675481
118,0,2020-06,9481.311909576532,31646.716264204544,143.62074210427025,1735.1566666666663,-28.1,0.5,3차,,,,,상승,,,,0.024478367935069967,0.024183573720427832,11.90782692839591,0.07092651631258873,0.024183573720427832,11.90782692839591
119,1,2020-07,9587.949259549,32731.36345880682,149.0523910522461,1835.9909677419355,35.2,0.5,3차,0.0112471091542467,1.0112471091542468,0.0111843307009374,0.0111843307009374,상승,0.0342736094812186,0.0336993537335664,0.0336993537335664,0.01124710915424676,0.011184330700937438,11.919011259096846,0.0342736094812186,0.011184330700937438,11.919011259096846
120,2,2020-08,11640.004859841967,34680.30803571428,147.9688473656064,1972.73870967742,35.2,0.4,3차,0.2140244534825055,1.227678719026748,0.1939408353360106,0.205125166036948,상승,0.0595436416622319,0.0578382886869896,0.091537642420556,0.21402445348250554,0.19394083533601064,12.112952094432858,0.059543641662231916,0.19394083533601064,12.112952094432858
121,3,2020-09,10640.068730379466,34442.217075892855,146.6695091610863,1925.69,35.2,0.2,3차,-0.0859051298949438,1.122214819199497,-0.0898209163006358,0.1153042497363122,상승,-0.0068653069510293,-0.0068889815887846,0.0846486608317713,-0.08590512989494381,-0.0898209163006358,12.023131178132223,-0.006865306951029382,-0.0898209163006358,12.023131178132223
122,4,2020-10,11884.823813895098,35281.03196022727,143.1961468783292,1898.915483870968,4.4,0.1,3차,0.1169875040338428,1.2534999298874363,0.1106353329464599,0.2259395826827722,상승,0.024354265072022,0.0240624287706644,0.1087110896024358,0.11698750403384284,0.11063533294645993,12.133766511078683,0.024354265072022097,0.11063533294645993,12.133766511078683
123,5,2020-11,16653.11192609507,36780.484765625,142.17681655883788,1873.165333333333,4.4,0.2,3차,0.4012081446781856,1.7564143111118105,0.3373348249693096,0.5632744076520819,상승,0.0425002535948517,0.0416219179472424,0.1503330075496782,0.40120814467818566,0.33733482496930967,12.471101336047992,0.04250025359485177,0.33733482496930967,12.471101336047992
124,6,2020-12,21995.85027332609,38848.12624289773,140.90623127330434,1858.1193548387096,4.4,0.4,3차,0.3208252229938517,2.3199163241438496,0.2782567101963252,0.8415311178484071,상승,0.0562157212023792,0.0546924458631042,0.2050254534127824,0.32082522299385174,0.2782567101963252,12.749358046244318,0.056215721202379276,0.2782567101963252,12.749358046244318
125,7,2021-01,34745.62147346042,40161.65234375,136.93488191303453,1870.23,5.6,0.2,3차,0.5796443893599201,3.664642805218322,0.4571997516814492,1.2987308695298565,상승,0.0338118264093216,0.0332527734602784,0.2382782268730608,0.5796443893599201,0.4571997516814492,13.206557797925766,0.03381182640932168,0.4571997516814492,13.206557797925766
126,8,2021-02,46263.75155986557,41395.22080592105,131.2927559300473,1811.4267857142856,5.6,0.4,3차,0.3314987499994202,4.879467314342564,0.2863051874801363,1.5850360570099926,상승,0.0307150824277036,0.0302528161423531,0.268531043015414,0.3314987499994202,0.28630518748013634,13.492862985405903,0.0307150824277036,0.28630518748013634,13.492862985405903
127,9,2021-03,54896.21450925761,41317.66694972826,123.55754620095958,1721.4312903225807,5.6,0.5,3차,0.1865923678545953,5.789938674394847,0.1710856428771693,1.756121699887162,과열,-0.0018734978261476,-0.0018752550182733,0.2666557879971407,0.18659236785459532,0.17108564287716937,13.663948628283073,-0.001873497826147652,0.17108564287716937,13.663948628283073
128,10,2021-04,57054.7802179735,43455.78050595238,124.75604139055524,1756.8743333333334,6.4,0.7,3차,0.0393208480404758,6.017603973174401,0.0385674691055286,1.7946891689926907,과열,0.0517481676500659,0.0504537012954528,0.3171094892925935,0.039320848040475864,0.03856746910552864,13.702516097388601,0.05174816765006596,0.03856746910552864,13.702516097388601
129,11,2021-05,46445.59666287974,43440.3630859375,124.30673217773438,1845.193225806452,6.4,0.6,3차,-0.1859473214086913,4.898646633064323,-0.2057301993594298,1.5889589696332609,과열,-0.0003547841008809,-0.0003548470516498,0.3167546422409437,-0.1859473214086913,-0.2057301993594298,13.496785898029172,-0.0003547841008809671,-0.2057301993594298,13.496785898029172
130,12,2021-06,35802.257436102205,44486.056640625,128.01865803111684,1836.1626666666664,6.4,0.8,3차,-0.2291571212666519,3.776086872528726,-0.2602707151186971,1.3286882545145635,과열,0.024071934035607,0.0237867722316825,0.3405414144726263,-0.2291571212666519,-0.26027071511869715,13.236515182910475,0.024071934035607034,-0.26027071511869715,13.236515182910475
131,13,2021-07,34420.195283338006,45478.60974702381,133.7387964157831,1806.324838709677,3.5,0.5,3차,-0.0386026539033418,3.6303198978795472,-0.0393674839830681,1.2893207705314955,과열,0.0223115551557429,0.0220662938136385,0.3626077082862649,-0.03860265390334183,-0.03936748398306811,13.197147698927408,0.0223115551557429,-0.03936748398306811,13.197147698927408
132,14,2021-08,45709.44342757719,46232.7578125,134.83188213001597,1785.8858064516128,3.5,0.3,3차,0.3279832682908701,4.821004082927459,0.2836614517963101,1.5729822223278056,과열,0.0165824784370314,0.0164464904277078,0.3790541987139727,0.3279832682908701,0.28366145179631014,13.480809150723719,0.016582478437031423,0.28366145179631014,13.480809150723719
133,15,2021-09,45906.041557834855,46235.08444940476,134.51255871000745,1781.9209999999998,3.5,0.4,3차,0.0043010396871088,4.841739412819844,0.0042918166522161,1.5772740389800215,과열,5.032442395491721e-05,5.032315772357541e-05,0.3791045218716963,0.004301039687108821,0.004291816652216178,13.485100967375935,5.032442395491721e-05,0.004291816652216178,13.485100967375935
134,16,2021-10,57890.784562036,46409.83463541666,131.1215616861979,1775.3664516129031,7.4,0.9,3차,0.2610711487528745,6.105777883286788,0.2319614778755305,1.8092355168555525,과열,0.003779601315601,0.0037724765693723,0.3828769984410686,0.2610711487528745,0.23196147787553056,13.717062445251466,0.0037796013156010666,0.23196147787553056,13.717062445251466
135,17,2021-11,60670.169064884,48386.63318452381,134.10497392926897,1821.9116666666664,7.4,0.9,3차,0.048010828042408,6.398921335306409,0.046893917947009,1.8561294348025612,과열,0.042594388983205,0.0417122115833152,0.4245892100243839,0.04801082804240808,0.046893917947009055,13.763956363198476,0.042594388983205,0.046893917947009055,13.763956363198476
136,18,2021-12,49305.17004464288,47630.17453835227,136.36864679509944,1790.7564516129032,7.4,0.7,3차,-0.187324334107043,5.200247657166785,-0.2074231839710521,1.6487062508315091,하락,-0.0156336284710441,-0.0157571224374577,0.4088320875869261,-0.18732433410704308,-0.20742318397105214,13.556533179227424,-0.015633628471044103,-0.20742318397105214,13.556533179227424
137,19,2022-01,41088.0391693041,46158.0638671875,129.85723266601562,1815.050967741936,-1.0,0.6,3차,-0.1666586053328415,4.333581635237993,-0.1823118832401533,1.466394367591356,하락,-0.0309071021769911,-0.0313948019001982,0.3774372856867279,-0.1666586053328415,-0.18231188324015338,13.37422129598727,-0.030907102176991108,-0.18231188324015338,13.37422129598727
138,20,2022-02,40744.34643677926,44740.05139802631,125.97733347039474,1857.3989285714283,-1.0,0.8,3차,-0.0083647878914018,4.297332144049152,-0.0083999690556568,1.4579943985356991,하락,-0.0307207961157403,-0.0312025724911385,0.3462347131955894,-0.008364787891401826,-0.008399969055656861,13.365821326931615,-0.0307207961157403,-0.008399969055656861,13.365821326931615
139,21,2022-03,41952.639862441065,44221.23233695652,122.01599187436312,1948.5767741935483,-1.0,1.1,3차,0.0296554867443179,4.424771620482933,0.0292242674019925,1.4872186659376916,하락,-0.011596300068012,-0.0116640615197835,0.3345706516758058,0.02965548674431795,0.029224267401992576,13.395045594333608,-0.011596300068012044,0.029224267401992576,13.395045594333608
140,22,2022-04,41419.07593078983,44069.1287109375,112.83747100830078,1940.5793333333336,0.3,0.4,3차,-0.0127182445109709,4.368496293108426,-0.0127998137322454,1.4744188522054462,하락,-0.0034396062249018,-0.0034455352700174,0.3311251164057884,-0.012718244510970922,-0.012799813732245468,13.382245780601362,-0.0034396062249018033,-0.012799813732245468,13.382245780601362
141,23,2022-05,31728.778818113635,40190.71633184524,107.1565402802967,1852.669677419355,0.3,0.9,3차,-0.2339573468241644,3.346454490761581,-0.2665174277946119,1.207901424410834,하락,-0.0880074667355444,-0.0921234761513479,0.2390016402544404,-0.23395734682416447,-0.26651742779461196,13.11572835280675,-0.08800746673554449,-0.26651742779461196,13.11572835280675
142,24,2022-06,24386.740486291976,38787.64955357143,103.81557319277807,1841.7886666666668,0.3,1.2,3차,-0.2313999657506568,2.5720850362132195,-0.2631845562907086,0.9447168681201256,하락,-0.0349102207258268,-0.0355341464534085,0.2034674938010319,-0.2313999657506568,-0.2631845562907086,12.852543796516041,-0.034910220725826835,-0.2631845562907086,12.852543796516041
143,25,2022-07,21540.29164852058,38948.789453125,106.50921173095703,1739.277419354839,2.7,-0.0,3차,-0.1167211681844654,2.2718682661166296,-0.124114350404962,0.8206025177151635,하락,0.0041544125877237,0.0041458068420613,0.2076133006430932,-0.11672116818446543,-0.12411435040496205,12.728429446111079,0.004154412587723755,-0.12411435040496205,12.728429446111079
144,26,2022-08,22353.96258412186,41570.03311820652,106.1100735871688,1765.473870967742,2.7,0.1,3차,0.037774369487572,2.357686657428009,0.0370783906794545,0.857680908394618,하락,0.0672997467157792,0.0651318576247017,0.2727451582677949,0.03777436948757207,0.03707839067945451,12.765507836790533,0.06729974671577921,0.03707839067945451,12.765507836790533
145,27,2022-09,19793.96907454643,38477.94289434524,98.39734613327752,1683.6793333333333,2.7,0.4,3차,-0.1145207924519747,2.087682513065906,-0.1216263030648306,0.7360546053297874,하락,-0.0743826740543787,-0.0772943846676394,0.1954507736001555,-0.11452079245197477,-0.12162630306483063,12.643881533725702,-0.0743826740543787,-0.12162630306483063,12.643881533725702
146,28,2022-10,19646.086641753056,37234.01971726191,91.00977616083054,1667.3990322580646,3.4,0.5,3차,-0.0074710853713284,2.0720852587825607,-0.0074991337180278,0.7285554716117595,하락,-0.0323282141277395,-0.0328623133823655,0.1625884602177899,-0.007471085371328456,-0.007499133718027899,12.636382400007674,-0.03232821412773956,-0.007499133718027899,12.636382400007674
147,29,2022-11,17598.926177529756,39019.619419642855,91.65513065883091,1727.0946666666666,3.4,0.3,3차,-0.104201946247786,1.8561699420260704,-0.1100402778478079,0.6185151937639516,횡보,0.04795613570439,0.0468417297789926,0.2094301899967826,-0.104201946247786,-0.11004027784780791,12.526342122159866,0.04795613570439006,-0.11004027784780791,12.526342122159866
148,30,2022-12,16940.926172272306,38804.677083333336,97.80284336635044,1795.4816129032258,3.4,0.1,3차,-0.0373886451150401,1.7867702627904531,-0.0381055261251902,0.5804096676387613,횡보,-0.0055085708037766,-0.0055237989291451,0.2039063910676374,-0.03738864511504014,-0.03810552612519024,12.488236596034676,-0.005508570803776647,-0.03810552612519024,12.488236596034676
149,31,2023-01,20242.95458180489,39428.17578125,98.7398166656494,1893.61870967742,2.8,0.5,3차,0.1949142789452154,2.1350373002030074,0.1780744497102939,0.7584841173490553,횡보,0.0160676172250497,0.0159398993286383,0.2198462903962758,0.1949142789452154,0.17807444971029396,12.66631104574497,0.01606761722504979,0.17807444971029396,12.66631104574497
150,32,2023-02,23293.332090397544,40774.89000822369,96.91653362073396,1858.3439285714285,2.8,0.4,3차,0.1506883541266472,2.456762556969599,0.1403603321100852,0.8988444494591405,횡보,0.0341561383525665,0.0335857688956948,0.2534320592919706,0.15068835412664727,0.14036033211008522,12.806671377855055,0.03415613835256659,0.14036033211008522,12.806671377855055
151,33,2023-03,25070.229514400275,39412.756963315216,97.61393041196077,1905.3151612903227,2.8,0.1,3차,0.0762835225594555,2.6441730589074157,0.0735139238328752,0.9723583732920158,횡보,-0.0334061733737049,-0.03397690628067,0.2194551530113005,0.07628352255945559,0.07351392383287528,12.88018530168793,-0.033406173373704995,0.07351392383287528,12.88018530168793
152,34,2023-04,28838.9009415981,40703.40645559211,99.4940888254266,1999.634,2.4,0.4,3차,0.1503245682307421,3.0416572323150333,0.1400441357989724,1.1124025090909884,횡보,0.03274699847763,0.0322222409507701,0.2516773939620707,0.15032456823074214,0.14004413579897249,13.020229437486902,0.032746998477630074,0.14004413579897249,13.020229437486902
153,35,2023-05,27490.37548387097,40917.57901278409,96.93777361783114,1990.6332258064515,2.4,0.1,3차,-0.0467606397503859,2.899427394230594,-0.0478892418597426,1.0645132672312458,횡보,0.0052617845984377,0.0052479897789444,0.2569253837410152,-0.04676063975038591,-0.04788924185974263,12.97234019562716,0.005261784598437735,-0.04788924185974263,12.97234019562716
154,36,2023-06,27756.18233333333,43900.3201171875,96.7499295189267,1945.78,2.4,0.2,3차,0.0096690876273521,2.927462211774555,0.0096226411562408,1.0741359083874866,횡보,0.0728963241806535,0.0703618365950929,0.3272872203361082,0.00966908762735219,0.009622641156240865,12.981962836783401,0.0728963241806535,0.009622641156240865,12.981962836783401
155,37,2023-07,30052.54935483871,45560.1677734375,95.46201057434082,1945.13870967742,4.4,0.2,3차,0.0827335328010003,3.169661502696094,0.0794888923162719,1.1536248007037586,횡보,0.0378094658949912,0.0371122090266821,0.3643994293627903,0.08273353280100038,0.07948889231627199,13.061451729099673,0.037809465894991234,0.07948889231627199,13.061451729099673
156,38,2023-08,27862.079677419355,44987.708050271736,90.5156588347062,1919.4274193548388,4.4,0.5,3차,-0.0728879820329342,2.9386312720370977,-0.0756808814858304,1.077943919217928,회복기대,-0.0125649169250758,-0.0126445230260451,0.3517549063367452,-0.07288798203293423,-0.07568088148583048,12.985770847613843,-0.012564916925075886,-0.07568088148583048,12.985770847613843
157,39,2023-09,26305.944333333333,44433.8568359375,87.78297958374023,1921.617,4.4,0.4,3차,-0.0558513708273966,2.7745046871375694,-0.0574716790725629,1.0204722401453652,회복기대,-0.0123111676130585,-0.012387577817264,0.3393673285194812,-0.05585137082739666,-0.05747167907256298,12.92829916854128,-0.012311167613058505,-0.05747167907256298,12.92829916854128
158,40,2023-10,29740.96354838709,42889.779474431816,81.43002666126598,1918.2703225806447,3.2,0.1,3차,0.1305795819958877,3.1367983494296245,0.1227304056548756,1.143202645800241,회복기대,-0.0347500188247636,-0.0353681633402662,0.303999165179215,0.1305795819958877,0.12273040565487561,13.051029574196155,-0.034750018824763695,0.12273040565487561,13.051029574196155
159,41,2023-11,36592.353,44743.40550595238,85.51204499744233,1983.6493333333333,3.2,0.2,3차,0.2303687787541259,3.859418754385685,0.2073139445725598,1.3505165903728007,회복기대,0.0432183623752502,0.0423105140054787,0.3463096791846937,0.23036877875412598,0.20731394457255983,13.258343518768715,0.04321836237525023,0.20731394457255983,13.258343518768715
160,42,2023-12,42542.12806451613,47352.5400390625,93.50399322509766,2040.4490322580648,3.2,0.2,3차,0.1625961321622615,4.486945316243291,0.1506555493935146,1.5011721397663154,회복기대,0.0583132755230939,0.0566763912353053,0.4029860704199991,0.16259613216226154,0.15065554939351467,13.40899906816223,0.058313275523093955,0.15065554939351467,13.40899906816223
161,43,2024-01,42912.36096774194,48444.28459821428,92.2057832990374,2034.983225806452,1.6,0.3,3차,0.0087027358543121,4.525994016123299,0.0086650853326448,1.5098372250989602,회복기대,0.0230556704719782,0.0227939043275265,0.4257799747475256,0.008702735854312138,0.008665085332644899,13.417664153494874,0.023055670471978207,0.008665085332644899,13.417664153494874
162,44,2024-02,49874.44517241379,50440.005078125,90.78396606445312,2024.5044827586205,1.6,0.4,3차,0.1622395982804438,5.260289467118836,0.1503488319081077,1.660186057007068,회복기대,0.0411962008823696,0.0403702453440344,0.4661502200915601,0.16223959828044388,0.15034883190810774,13.568012985402982,0.04119620088236964,0.15034883190810774,13.568012985402982
163,45,2024-03,67711.00935483871,52021.1314453125,91.44477462768556,2156.9051612903227,1.6,0.4,3차,0.3576293254143416,7.141523240728713,0.3057400356285234,1.9659260926355917,회복기대,0.0313466734338852,0.0308653982089541,0.4970156183005143,0.35762932541434167,0.3057400356285234,13.873753021031506,0.0313466734338852,0.3057400356285234,13.873753021031506
164,46,2024-04,65893.65083333333,51400.46040482954,87.56980167735706,2337.642,3.0,0.3,3차,-0.026839926606049,6.949845281092161,-0.0272066950200445,1.9387193976155468,회복기대,-0.0119311330461054,-0.0120028802688078,0.4850127380317063,-0.026839926606049058,-0.027206695020044514,13.846546326011461,-0.011931133046105491,-0.027206695020044514,13.846546326011461
165,0,2024-05,65266.31728830645,52571.09215198864,88.47392931851473,2348.6961290322583,3.0,0.0,4차,,,,,상승,,,,-0.009520394409677224,-0.009566003070326692,13.836980322941134,0.02277473271521724,-0.009566003070326692,13.836980322941134
166,1,2024-06,65899.46575520834,54017.97183388158,91.31222855417352,2330.0626666666667,3.0,-0.1,4차,0.0097009988185028,1.0097009988185028,0.0096542462506883,0.0096542462506883,상승,0.0275223439853571,0.0271504131229629,0.0271504131229629,0.009700998818502837,0.00965424625068838,13.846634569191822,0.027522343985357134,0.00965424625068838,13.846634569191822
167,2,2024-07,62804.542086693546,55378.68536931818,91.2786320773038,2391.984838709677,2.8,0.2,4차,-0.0469643210767636,0.9622810769184618,-0.0481029374943885,-0.0384486912437001,상승,0.0251900152716049,0.0248779761622683,0.0520283892852312,-0.04696432107676363,-0.048102937494388515,13.798531631697434,0.025190015271604915,-0.048102937494388515,13.798531631697434
168,3,2024-08,59921.19758064516,54800.08682528409,96.08530911532316,2471.642903225806,2.8,0.2,4차,-0.0459098085942303,0.9181029368632854,-0.0469970717448788,-0.0854457629885789,상승,-0.010448036824555,-0.0105030007398394,0.0415253885453917,-0.04590980859423033,-0.04699707174487884,13.751534559952555,-0.010448036824555085,-0.04699707174487884,13.751534559952555
169,4,2024-09,60358.515885416666,56218.321875,98.38073348999023,2571.961666666667,2.8,0.2,4차,0.0072982237076109,0.9248034574831282,0.0072717205455162,-0.0781740424430627,상승,0.0258801606325476,0.025550937424244,0.0670763259696358,0.007298223707610907,0.007271720545516286,13.75880628049807,0.02588016063254761,0.007271720545516286,13.75880628049807
170,5,2024-10,65577.26449092742,57967.694633152176,93.37014107082202,2689.0248387096776,2.8,0.2,4차,0.0864625070539826,1.0047642829493106,0.0829270121152348,0.0047529696721721,상승,0.0311174844749344,0.0306431505068399,0.0977194764764757,0.08646250705398262,0.08292701211523487,13.841733292613306,0.031117484474934454,0.08292701211523487,13.841733292613306
171,6,2024-11,85371.18344907407,59688.59765625,91.02957572937012,2660.637777777778,,,4차,0.3018411809612022,1.3080435207023662,0.2637795555175415,0.2685325251897137,상승,0.0296872772669076,0.0292551418374171,0.1269746183138929,0.30184118096120227,0.2637795555175415,14.105512848130846,0.029687277266907675,0.2637795555175415,14.105512848130846
